id,prefectures,city,ward,town,polygon
0,京都,京都,中京区,一之船入町,"""POLYGON((135.76930424119175 35.013184580687074,135.76894844104126 35.013198913239236,135.76865196760988 35.01321941439443,135.7685587625537 35.01322156299657,135.76851344584858 35.01208088755173,135.76893555463408 35.0120603421342,135.768933817591 35.011038628949095,135.77043480793495 35.01104947318425,135.77040334934574 35.01228099846495,135.7704011627115 35.01236684719651,135.77038985750931 35.012545855362184,135.7701181243861 35.012543515610304,135.77013225696172 35.01302548442908,135.76957420794884 35.01303063742657,135.76957406612036 35.0130814862958,135.769319965521 35.013086503412424,135.76930424119175 35.013184580687074))"""